k,inertia,silhouette,fit_sample_size,silhouette_sample_size
2,807508.6875,0.2442106455564499,50000,20000
3,708856.75,0.22695277631282806,50000,20000
4,661593.9375,0.223916158080101,50000,20000
5,618387.1875,0.23246397078037262,50000,20000
6,583834.5,0.2334860861301422,50000,20000
7,555764.375,0.2400115728378296,50000,20000
8,518618.6875,0.2269270271062851,50000,20000
