model,roc_auc,roc_auc_weighted,f1,precision_at_top20
xgboost,0.9551941821911953,0.95538163926627,0.5870696061431756,0.28530259365994237
logistic_regression,0.9449190898904295,0.9460759122418576,0.4996064025190239,0.28004009522616213
random_forest,0.9444442112499827,0.9436388014279323,0.5141496958476593,0.27728354842751535
